_id,author_id,category,comments,date,image,name,text
645292944a97f582077a9036,64514ab551adf62ec0bb20cc,"[""Privacy"",""Technology""]","[{""comment"":""I think we need to be more careful about what information we share online and with whom."",""date"":""2023-04-03 11:00:00.000000 +00:00"",""author"":{""$oid"":""64514ab651adf62ec0bb20cd""}},{""comment"":""Yes, and we also need to put pressure on companies and governments to respect our privacy rights and not misuse the data they collect."",""date"":""2023-04-03 12:00:00.000000 +00:00"",""author"":{""$oid"":""64514ab751adf62ec0bb20ce""}},{""comment"":""But even if we are careful, our information can still be hacked or leaked. We need to have strong data protection laws in place to hold companies accountable when this happens."",""date"":""2023-04-03 13:00:00.000000 +00:00"",""author"":{""$oid"":""64514ab351adf62ec0bb20ca""}},{""comment"":""And we also need to educate people about the risks of sharing their personal information online. Many people don't realize how much data they are giving away."",""date"":""2023-04-03 14:00:00.000000 +00:00"",""author"":{""$oid"":""64514ab451adf62ec0bb20cb""}},{""comment"":""I think we need to start treating privacy as a fundamental human right, like freedom of speech or religion."",""date"":""2023-04-03 15:00:00.000000 +00:00"",""author"":{""$oid"":""64514ab551adf62ec0bb20cc""}},{""comment"":""fdsvbvcx"",""author"":{""$oid"":""64514ab351adf62ec0bb20ca""},""date"":{""$date"":""2023-05-13T19:30:22.574Z""}}]",2023-04-03,images/Dogo.png,Privacy in the Digital Age,"As more of our personal information becomes digitized, the issue of privacy becomes more important. How can we protect our privacy in a world where everything we do is tracked and monitored?"
645292944a97f582077a9039,64514ab351adf62ec0bb20ca,"[""Artificial Intelligence"",""Ethics""]","[{""comment"":""I think we need to start by creating ethical guidelines for the development and use of AI."",""date"":""2023-04-06 11:00:00.000000 +00:00"",""author"":{""$oid"":""64514ab451adf62ec0bb20cb""}},{""comment"":""But who decides what those guidelines should be? And how do we enforce them?"",""date"":""2023-04-06 12:00:00.000000 +00:00"",""author"":{""$oid"":""64514ab551adf62ec0bb20cc""}},{""comment"":""I think it should be a collaborative effort between researchers, policymakers, and members of the public. And we can enforce the guidelines through regulation and oversight."",""date"":""2023-04-06 13:00:00.000000 +00:00"",""author"":{""$oid"":""64514ab651adf62ec0bb20cd""}},{""comment"":""But what about the risk of bias in AI algorithms? How can we ensure that they are not discriminating against certain groups of people?"",""date"":""2023-04-06 14:00:00.000000 +00:00"",""author"":{""$oid"":""64514ab751adf62ec0bb20ce""}},{""comment"":""We need to make sure that the data used to train AI models is diverse and representative of all groups, and that the algorithms themselves are audited for bias."",""date"":""2023-04-06 15:00:00.000000 +00:00"",""author"":{""$oid"":""64514ab351adf62ec0bb20ca""}},{""comment"":""test"",""author"":{""$oid"":""64514ab351adf62ec0bb20ca""},""date"":{""$date"":""2023-05-13T00:52:11.252Z""}}]",2023-04-06,images/faild.png,The Ethics of AII,"As artificial intelligence becomes more advanced, the question of its ethical use becomes increasingly important. How can we ensure that AI is used in ways that are fair, transparent, and beneficial to all?"
645292944a97f582077a9035,64514ab451adf62ec0bb20cb,"[""Artificial Intelligence"",""Economics""]","[{""comment"":""I think we need to invest in education and retraining programs for workers who may be displaced by automation."",""date"":""2023-04-02 11:00:00.000000 +00:00"",""author"":{""$oid"":""64514ab551adf62ec0bb20cc""}},{""comment"":""Yes, and we also need to make sure that the benefits of automation are shared fairly among all members of society."",""date"":""2023-04-02 12:00:00.000000 +00:00"",""author"":{""$oid"":""64514ab651adf62ec0bb20cd""}},{""comment"":""But what about jobs that can't be easily automated, like caregiving or creative work?"",""date"":""2023-04-02 13:00:00.000000 +00:00"",""author"":{""$oid"":""64514ab751adf62ec0bb20ce""}},{""comment"":""Those jobs may become even more important in a society where many other jobs are automated. We need to value them more and provide adequate compensation for the people who do them."",""date"":""2023-04-02 14:00:00.000000 +00:00"",""author"":{""$oid"":""64514ab351adf62ec0bb20ca""}},{""comment"":""I agree. We also need to start thinking about a basic income or other ways to support people who may not be able to find work in an automated economy."",""date"":""2023-04-02 15:00:00.000000 +00:00"",""author"":{""$oid"":""64514ab451adf62ec0bb20cb""}}]",2023-04-02,images/Dogo.png,Artificial Intelligence and Job Displacement,"With the rise of artificial intelligence, many jobs may become automated. This could lead to significant job displacement in some industries. How should society prepare for this change?"
645292944a97f582077a9034,64514ab351adf62ec0bb20ca,"[""Robotics"",""Ethics""]","[{""comment"":""I think we need to be very careful with how we use robots. They could easily be programmed to do harm if we're not careful."",""date"":""2023-04-01 11:00:00.000000 +00:00"",""author"":{""$oid"":""64514ab451adf62ec0bb20cb""}},{""comment"":""I agree. We need to make sure we have strong ethical guidelines in place for robot development."",""date"":""2023-04-01 12:00:00.000000 +00:00"",""author"":{""$oid"":""64514ab351adf62ec0bb20ca""}},{""comment"":""I think robots could actually help us make more ethical decisions, since they don't have emotions or biases like humans do."",""date"":""2023-04-01 13:00:00.000000 +00:00"",""author"":{""$oid"":""64514ab551adf62ec0bb20cc""}},{""comment"":""But who would be responsible if a robot made an unethical decision? The developer, the user, or the robot itself?"",""date"":""2023-04-01 14:00:00.000000 +00:00"",""author"":{""$oid"":""64514ab651adf62ec0bb20cd""}},{""comment"":""Interesting point. Perhaps we need to create legal frameworks to address these issues."",""date"":""2023-04-01 15:00:00.000000 +00:00"",""author"":{""$oid"":""64514ab751adf62ec0bb20ce""}}]",2023-04-01,images/Dogo.png,Robotics and Ethics,"As robots become more advanced, the question of their ethical use becomes increasingly important. Should we allow robots to make decisions that affect human lives?"
645292944a97f582077a903a,64514ab451adf62ec0bb20cb,"[""Climate Change"",""Technology""]","[{""comment"":""One way is to use renewable energy sources like wind and solar power instead of fossil fuels."",""date"":""2023-04-07 11:00:00.000000 +00:00"",""author"":{""$oid"":""64514ab551adf62ec0bb20cc""}},{""comment"":""And we also need to develop new technologies for carbon capture and storage to reduce the amount of greenhouse gases in the atmosphere."",""date"":""2023-04-07 12:00:00.000000 +00:00"",""author"":{""$oid"":""64514ab651adf62ec0bb20cd""}},{""comment"":""But we also need to change our behavior as a society. No amount of technology can solve the problem if we continue to consume resources at an unsustainable rate."",""date"":""2023-04-07 13:00:00.000000 +00:00"",""author"":{""$oid"":""64514ab751adf62ec0bb20ce""}},{""comment"":""I think we also need to invest in research and development for new technologies that can help us adapt to the effects of climate change, like drought-resistant crops and new materials for building resilient infrastructure."",""date"":""2023-04-07 14:00:00.000000 +00:00"",""author"":{""$oid"":""64514ab351adf62ec0bb20ca""}},{""comment"":""And we need to make sure that the benefits of these technologies are accessible to everyone, not just the wealthy countries and individuals who can afford them."",""date"":""2023-04-07 15:00:00.000000 +00:00"",""author"":{""$oid"":""64514ab451adf62ec0bb20cb""}}]",2023-04-07,images/goat.png,The Role of Technology in Climate Change,"As climate change becomes an increasingly urgent issue, how can technology be used to mitigate its effects?"
645292944a97f582077a903e,64514ab351adf62ec0bb20ca,"[""Autonomous Vehicles"",""Technology""]","[{""comment"":""On the one hand, autonomous vehicles have the potential to greatly reduce traffic accidents and fatalities."",""date"":""2023-04-11 11:00:00.000000 +00:00"",""author"":{""$oid"":""64514ab451adf62ec0bb20cb""}},{""comment"":""But there are also concerns about job loss for drivers and the potential for hacking or other cyber attacks on the vehicles."",""date"":""2023-04-11 12:00:00.000000 +00:00"",""author"":{""$oid"":""64514ab551adf62ec0bb20cc""}},{""comment"":""And there are also ethical concerns about how the vehicles are programmed to make decisions in situations where there is a risk of harm to humans."",""date"":""2023-04-11 13:00:00.000000 +00:00"",""author"":{""$oid"":""64514ab651adf62ec0bb20cd""}},{""comment"":""I think we need to carefully consider the potential benefits and risks of autonomous vehicles and develop regulations and guidelines to ensure that they are used in a safe and responsible way."",""date"":""2023-04-11 14:00:00.000000 +00:00"",""author"":{""$oid"":""64514ab751adf62ec0bb20ce""}},{""comment"":""And we also need to consider the social and economic impacts of autonomous vehicles, like the potential for increased social isolation and job displacement."",""date"":""2023-04-11 15:00:00.000000 +00:00"",""author"":{""$oid"":""64514ab351adf62ec0bb20ca""}},{""comment"":""test"",""author"":{""$oid"":""64514ab451adf62ec0bb20cb""},""date"":{""$date"":""2023-05-13T00:52:51.467Z""}}]",2023-04-11,images/Dogo.png,The Promise and Perils of Autonomous Vehicles,"As autonomous vehicles become more prevalent, what are the potential benefits and risks?"
645292944a97f582077a903b,64514ab551adf62ec0bb20cc,"[""Social Media"",""Society""]","[{""comment"":""On the positive side, social media allows us to connect with people all over the world and share information and ideas."",""date"":""2023-04-08 11:00:00.000000 +00:00"",""author"":{""$oid"":""64514ab651adf62ec0bb20cd""}},{""comment"":""But on the negative side, it can also be a breeding ground for misinformation and hate speech."",""date"":""2023-04-08 12:00:00.000000 +00:00"",""author"":{""$oid"":""64514ab751adf62ec0bb20ce""}},{""comment"":""And it can also lead to social isolation and a lack of face-to-face communication."",""date"":""2023-04-08 13:00:00.000000 +00:00"",""author"":{""$oid"":""64514ab351adf62ec0bb20ca""}},{""comment"":""I think we need to find ways to balance the benefits of social media with the risks, through things like better moderation and education about online behavior."",""date"":""2023-04-08 14:00:00.000000 +00:00"",""author"":{""$oid"":""64514ab451adf62ec0bb20cb""}},{""comment"":""And we also need to remember that social media is just one aspect of our lives. We need to make sure we are still connecting with people in real life and engaging in meaningful activities outside of our screens."",""date"":""2023-04-08 15:00:00.000000 +00:00"",""author"":{""$oid"":""64514ab551adf62ec0bb20cc""}}]",2023-04-08,images/CryinPoger.jpg,The Impact of Social Media on Society,"As social media continues to dominate our lives, what are the positive and negative impacts on society?"
645292944a97f582077a903f,64514ab451adf62ec0bb20cb,"[""Biodiversity"",""Environment"",""Tvoj Lol""]","[{""comment"":""Biodiversity is important because it ensures the stability of ecosystems and provides important ecosystem services, like pollination and nutrient cycling."",""date"":""2023-04-12 11:00:00.000000 +00:00"",""author"":{""$oid"":""64514ab551adf62ec0bb20cc""}},{""comment"":""But biodiversity is under threat from human activities like deforestation, pollution, and climate change."",""date"":""2023-04-12 12:00:00.000000 +00:00"",""author"":{""$oid"":""64514ab651adf62ec0bb20cd""}},{""comment"":""We need to take action to protect biodiversity, through things like habitat conservation, sustainable land use practices, and reducing our carbon footprint."",""date"":""2023-04-12 13:00:00.000000 +00:00"",""author"":{""$oid"":""64514ab751adf62ec0bb20ce""}},{""comment"":""And we also need to recognize the cultural and spiritual value of biodiversity, and the importance of preserving it for future generations."",""date"":""2023-04-12 14:00:00.000000 +00:00"",""author"":{""$oid"":""64514ab351adf62ec0bb20ca""}},{""comment"":""I think we also need to acknowledge the unequal distribution of the benefits and harms of biodiversity loss, and work towards more equitable solutions."",""date"":""2023-04-12 15:00:00.000000 +00:00"",""author"":{""$oid"":""64514ab451adf62ec0bb20cb""}},{""comment"":""tvoja mama"",""author"":{""$oid"":""64514ab751adf62ec0bb20ce""},""date"":{""$date"":""2023-05-06T23:18:17.017Z""}},{""comment"":""Comment"",""author"":{""$oid"":""64514ab451adf62ec0bb20cb""},""date"":{""$date"":""2023-05-12T00:19:10.995Z""}},{""comment"":""comment"",""author"":{""$oid"":""64514ab751adf62ec0bb20ce""},""date"":{""$date"":""2023-05-12T00:20:04.079Z""}},{""comment"":""comment"",""author"":{""$oid"":""64514ab351adf62ec0bb20ca""},""date"":{""$date"":""2023-05-13T16:15:26.642Z""}}]",2023-04-12,images/Dogo.png,The Importance of Biodiversity,"Why is biodiversity important, and what are the threats to it?"
645f9cb0e06502d567afc57d,64514ab351adf62ec0bb20ca,"[""test"",""test"",""test""]",,2023-10-05,images/vakciFriend.png,Test,test
645f9cc7e06502d567afc57e,64514ab351adf62ec0bb20ca,"[""Novy""]",,2023-02-06,images/h2o-just-add-water-season-3-h2o-cleo-rikki-bella-E2-99-A5-8817602-286-313.jpg,Novy,Novy
645f9e9b146bc021086f65ff,64514ab351adf62ec0bb20ca,"[""novy Test""]","[{""comment"":""nbvfds"",""author"":{""$oid"":""64514ab351adf62ec0bb20ca""},""date"":{""$date"":""2023-05-13T19:31:28.590Z""}},{""comment"":""fsda"",""author"":{""$oid"":""64514ab451adf62ec0bb20cb""},""date"":{""$date"":""2023-05-13T19:33:54.830Z""}}]",2023-18-05,images/Screenshot_2022-12-14_at_22.02.16.png,Novy test,Novy test
645fc9aa110310a1d930f828,64514ab351adf62ec0bb20ca,"[""DASD"",""DASDAS"",""DASDAS""]","[{""comment"":""CSDFAEFA"",""author"":{""$oid"":""64514ab351adf62ec0bb20ca""},""date"":{""$date"":""2023-05-13T19:32:50.783Z""}}]",2023-11-05,images/gandalf.jpg,fdA,DASFADA